Name,Full path,File attributes,Size (bytes),Deleted,Created,Accessed,Modified,MD5 hash,SHA1 hash,Tags,Comments
AIRPORT INFORMATION.docx,"LoneWolf.E01 - Partition 4 (Microsoft NTFS, 476.34 GB)\Users\jcloudy\Desktop\AIRPORT INFORMATION.docx",Archive,172684,,3/30/2018 2:29,4/4/2018 4:59,4/4/2018 4:59,297eec248647f33f887d72328ab56f3c,e6e04a4d0c8c69a9fc40c307ce73c666d76bd00e,,
AMEN.pdf,"LoneWolf.E01 - Partition 4 (Microsoft NTFS, 476.34 GB)\Users\jcloudy\Desktop\AMEN.pdf",Archive,371701,,4/6/2018 3:55,4/6/2018 3:55,4/6/2018 3:55,5c21578283b9c5cc058f4faa2d5365ee,6ecf056029ded610749fc426ff40a0f579ffa1a4,,
BladeofGrass.jpg,"LoneWolf.E01 - Partition 4 (Microsoft NTFS, 476.34 GB)\Users\jcloudy\Desktop\BladeofGrass.jpg",Archive,201810,,3/31/2018 4:15,3/31/2018 4:15,3/31/2018 4:15,3e504c694bee6b0b7ba71f11951641f0,5fa943220da52f322bd34ad215e4395ca849b017,,
Box Sync.lnk,"LoneWolf.E01 - Partition 4 (Microsoft NTFS, 476.34 GB)\Users\jcloudy\Desktop\Box Sync.lnk",Archive,1606,,3/28/2018 0:53,3/28/2018 0:53,3/28/2018 0:53,223a2c3d0845dc316fc55d9703ff98bb,eae0ebbe9d11f33b0e7e2f54fa5181cfe080ff03,,
Cloudy thoughts (4apr).docx,"LoneWolf.E01 - Partition 4 (Microsoft NTFS, 476.34 GB)\Users\jcloudy\Desktop\Cloudy thoughts (4apr).docx",Archive,12547,,4/5/2018 2:39,4/5/2018 2:39,4/5/2018 2:39,f8c2bc733c109a88405dfd13b47d0690,308c3ca689f0e6603acb7104b9e8e194b46e11e3,,
CubaDearmed.jpg,"LoneWolf.E01 - Partition 4 (Microsoft NTFS, 476.34 GB)\Users\jcloudy\Desktop\CubaDearmed.jpg",Archive,83378,,3/30/2018 21:22,3/30/2018 21:22,3/30/2018 21:22,9ec096ac9387c1e3f986e7f1c3ffd576,a2867ca4c2d663d5d7fba4cdcfccd480cd72e0a6,,
DarkWolf.png,"LoneWolf.E01 - Partition 4 (Microsoft NTFS, 476.34 GB)\Users\jcloudy\Desktop\DarkWolf.png",Archive,603749,,3/30/2018 3:33,3/30/2018 3:33,3/30/2018 3:33,831d863f03c16b4da76428aa46505e89,a732479a5d547f5ebbea2f88eac9d6d31597edbd,,
DeathToll.jpg,"LoneWolf.E01 - Partition 4 (Microsoft NTFS, 476.34 GB)\Users\jcloudy\Desktop\DeathToll.jpg",Archive,61596,,3/31/2018 4:16,3/31/2018 4:16,3/31/2018 4:16,f52a3425e4c8862c2e52cf406c659edb,c605c65372127b906c9a812c474b9a7a931c3024,,
DemLogic.jpg,"LoneWolf.E01 - Partition 4 (Microsoft NTFS, 476.34 GB)\Users\jcloudy\Desktop\DemLogic.jpg",Archive,24465,,3/31/2018 4:19,3/31/2018 4:19,3/31/2018 4:19,7e3661d8df1c0c65b7dae89fe5425906,9491da29fda9259d6bbba12354abc9594e7b825a,,
desktop.ini,"LoneWolf.E01 - Partition 4 (Microsoft NTFS, 476.34 GB)\Users\jcloudy\Desktop\desktop.ini","Archive,Hidden,System",282,,3/27/2018 9:20,3/27/2018 9:20,3/27/2018 9:56,9e36cc3537ee9ee1e3b10fa4e761045b,7726f55012e1e26cc762c9982e7c6c54ca7bb303,,
Dropbox.lnk,"LoneWolf.E01 - Partition 4 (Microsoft NTFS, 476.34 GB)\Users\jcloudy\Desktop\Dropbox.lnk",Archive,1303,,3/28/2018 0:06,3/28/2018 0:06,3/28/2018 0:06,423053b531b0248d525de385f1a62c48,b6a04f4886cee86c0dd297c4d995c8c93843f394,,
Google Drive.lnk,"LoneWolf.E01 - Partition 4 (Microsoft NTFS, 476.34 GB)\Users\jcloudy\Desktop\Google Drive.lnk",Archive,1766,,3/28/2018 0:43,3/28/2018 0:43,3/28/2018 0:43,a1f50715d20964c09a447eb13afb0239,a71b954999b80532dac8e9fde4bef6f23771c7cf,,
HoldMyTidePod.jpg,"LoneWolf.E01 - Partition 4 (Microsoft NTFS, 476.34 GB)\Users\jcloudy\Desktop\HoldMyTidePod.jpg",Archive,43525,,3/30/2018 3:29,3/30/2018 3:29,3/30/2018 3:29,6f51d454eed43b6468b0909a5781eedc,93329a1b2e44cfddfa799e2d0d2658242f42ce74,,
Huckleberry.png,"LoneWolf.E01 - Partition 4 (Microsoft NTFS, 476.34 GB)\Users\jcloudy\Desktop\Huckleberry.png",Archive,306471,,3/31/2018 4:23,3/31/2018 4:23,3/31/2018 4:23,33743a24bdff989a72b65e76b7c762fc,5931f79a29ab76ed9e300c2e1e08648b2b98998a,,
LeftUsesBoycotts.pdf,"LoneWolf.E01 - Partition 4 (Microsoft NTFS, 476.34 GB)\Users\jcloudy\Desktop\LeftUsesBoycotts.pdf",Archive,1470817,,4/6/2018 3:56,4/6/2018 3:56,4/6/2018 3:56,1822aa3999e889942938c5f9bb4f2908,f3bf4c958334898df8b89e357aa54e213a27d04d,,
MyTiredHead.jpg,"LoneWolf.E01 - Partition 4 (Microsoft NTFS, 476.34 GB)\Users\jcloudy\Desktop\MyTiredHead.jpg",Archive,107830,,3/30/2018 3:31,3/30/2018 3:30,3/30/2018 3:31,049566a023c270ec75353c15b12ffdac,d2a97358c052dd4fbb187fd03b85724169e35c3b,,
Operation 2nd Hand Smoke.pptx,"LoneWolf.E01 - Partition 4 (Microsoft NTFS, 476.34 GB)\Users\jcloudy\Desktop\Operation 2nd Hand Smoke.pptx",Archive,4408968,,4/4/2018 4:56,4/4/2018 5:11,4/4/2018 5:11,b301fbf4104fb64b566b076c12a5d113,fce26e0677943ee31fc701bcc0fc993a1bf446fd,,
Planning.docx,"LoneWolf.E01 - Partition 4 (Microsoft NTFS, 476.34 GB)\Users\jcloudy\Desktop\Planning.docx",Archive,14060,,3/30/2018 2:16,4/4/2018 5:30,4/4/2018 5:30,4ef414e469b7830faa2db429fe1321ee,b03dd6ecd3272cb67476bc86883837bad7d55376,,
RedGuns.jpg,"LoneWolf.E01 - Partition 4 (Microsoft NTFS, 476.34 GB)\Users\jcloudy\Desktop\RedGuns.jpg",Archive,122915,,3/31/2018 4:16,3/31/2018 4:16,3/31/2018 4:16,d34ecf2d775e806cfdfcdcbf7aa1d0a9,9d782fcaed9881924371a823dbbfcb4c7fd4afd5,,
SelfDefenseisMurder.pdf,"LoneWolf.E01 - Partition 4 (Microsoft NTFS, 476.34 GB)\Users\jcloudy\Desktop\SelfDefenseisMurder.pdf",Archive,609290,,4/5/2018 5:48,4/5/2018 5:48,4/5/2018 5:48,215dd901860ce43a480123f15a85a15e,84259edf2a3f5f80d99902516c77e12af24eb495,,
Sheep.jpg,"LoneWolf.E01 - Partition 4 (Microsoft NTFS, 476.34 GB)\Users\jcloudy\Desktop\Sheep.jpg",Archive,11073,,3/30/2018 3:32,3/30/2018 3:32,3/30/2018 3:32,31796478ada0832801007ec66abb5ff7,95bafa913ad279cc18d28833d005655c139d0f2a,,
The Cloudy Manifesto.docx,"LoneWolf.E01 - Partition 4 (Microsoft NTFS, 476.34 GB)\Users\jcloudy\Desktop\The Cloudy Manifesto.docx",Archive,816313,,4/2/2018 1:35,4/2/2018 1:35,4/2/2018 1:35,14c07920ddc81fbd489e61d60e5c9f28,18f14863463258767d7d4bccaa8f9c0650e8112a,,
UKknifeBan.pdf,"LoneWolf.E01 - Partition 4 (Microsoft NTFS, 476.34 GB)\Users\jcloudy\Desktop\UKknifeBan.pdf",Archive,1051631,,4/5/2018 5:51,4/5/2018 5:51,4/5/2018 5:51,3e79634bf0f7c45c0b7b40ff965e84b9,698e6bf4e722d75639c4d7ab6dfec9922c6006d5,,
